Fecha,Tipo,Método,Concepto,Monto,Detalle
18/07/2026,Gasto,débito,No identificado,105990,Compra A Comercio Llave Otra Entidad
21/07/2026,Gasto,débito,Servicios,58570,Gas natural (Cundiboyacense)
18/07/2026,Gasto,débito,Servicios,83550,Electricidad (Enel)
18/07/2026,Gasto,débito,No identificado,20000,Transferencia A Llave Otra Entidad
16/07/2026,Ingreso,débito,No identificado,100000,Transferencia De Otra Entidad
16/07/2026,Gasto,débito,Abono a Tarjeta,603446,Pago Tarj. Credito N **1547
16/07/2026,Consignación,,,603446,
12/07/2026,Gasto,débito,No identificado,10000,Transferencia A Llave Davivienda
11/07/2026,Gasto,débito,No identificado,17500,Transferencia A Llave Otra Entidad
10/07/2026,Gasto,débito,No identificado,17000,Compra A Comercio Llave Otra Entidad
08/07/2026,Gasto,débito,No identificado,14000,Transferencia enviada a Daviplata
08/07/2026,Gasto,débito,No identificado,31000,Transferencia enviada a Daviplata
06/07/2026,Gasto,débito,No identificado,46000,Transferencia enviada a Daviplata
02/07/2026,Gasto,débito,No identificado,31000,Transferencia enviada a Daviplata
26/06/2026,Gasto,débito,No identificado,3000000,Descuento Por Transferencia De Otra Entidad
25/06/2026,Gasto,débito,Abono a Tarjeta,2305273,Pago Tarj. Credito N **1547
25/06/2026,Consignación,,,2305273,
23/06/2026,Gasto,débito,No identificado,15000,Transferencia enviada a Daviplata
23/06/2026,Ingreso,débito,Nómina,5404090,Mi salario (Abono por pago de Nómina)
18/06/2026,Gasto,débito,Servicios,49890,Gas natural (Cundiboyacense)
17/06/2026,Gasto,débito,No identificado,565606,Compra BANCO DAVIVIENDA SA
17/06/2026,Gasto,débito,No identificado,50000,Transferencia A Llave Otra Entidad
17/06/2026,Gasto,débito,Abono a Tarjeta,500000,Pago Tarj. Credito N **1547
17/06/2026,Consignación,,,500000,
17/06/2026,Gasto,débito,Servicios,74420,Electricidad (Enel)
17/06/2026,Gasto,débito,Servicios,99990,Teléfono / Internet (Movistar)
17/06/2026,Gasto,débito,No identificado,2088295,Compra EL LIBERTADOR INVESTIGACIONES
17/06/2026,Ingreso,débito,No identificado,4100000,Deposito Efectivo en Oficina
09/06/2026,Gasto,débito,No identificado,10000,Retiro en Cajero Automatico
09/06/2026,Gasto,débito,No identificado,2880,Cobro retiro en cajero con Tarjeta
09/06/2026,Gasto,débito,No identificado,120000,Retiro en Cajero Automatico
06/06/2026,Gasto,débito,No identificado,22100,Compra COMPENSAR
03/06/2026,Gasto,débito,No identificado,40000,Transferencia A Llave Otra Entidad
03/06/2026,Gasto,débito,No identificado,15000,Transferencia A Llave Otra Entidad
03/06/2026,Gasto,débito,No identificado,31000,Transferencia enviada a Daviplata
01/06/2026,Gasto,débito,No identificado,557300,Compra COMPENSAR-OI
01/06/2026,Gasto,débito,No identificado,403700,Compra COMPENSAR-OI
01/06/2026,Gasto,débito,Abono a Tarjeta,90000,Pago Tarj. Credito N **1547
01/06/2026,Consignación,,,90000,
31/05/2026,Ingreso,débito,Rendimientos,116,Rendimientos financieros
22/04/2026,Gasto,débito,No identificado,16000,Transferencia enviada a Daviplata
20/04/2026,Gasto,débito,No identificado,99990,Compra PEXTO COLOMBIA SAS
19/04/2026,Gasto,débito,No identificado,33000,Transferencia enviada a Daviplata
18/04/2026,Gasto,débito,No identificado,500000,Retiro en Cajero Automático
16/04/2026,Gasto,débito,No identificado,50000,Transferencia A Llave Otra Entidad
08/04/2026,Gasto,débito,No identificado,50000,Transferencia A Llave Otra Entidad
03/04/2026,Ingreso,débito,No identificado,139850,Transferencia De Otra Entidad
01/04/2026,Gasto,débito,No identificado,31000,Transferencia enviada a Daviplata
31/03/2026,Ingreso,débito,Rendimientos,176.54,Rendimientos financieros
28/03/2026,Gasto,débito,No identificado,50000,Transferencia A Llave Otra Entidad
26/03/2026,Gasto,débito,No identificado,20000,Transferencia A Llave Otra Entidad
25/03/2026,Gasto,débito,Servicios,128804,EMPRESAS PUBLICAS DE ZIPAQUIRA
22/03/2026,Ingreso,débito,No identificado,100000,Transferencia De Otra Entidad
22/03/2026,Ingreso,débito,No identificado,280000,Transferencia De Otra Entidad
22/03/2026,Gasto,débito,No identificado,36000,Transferencia enviada a Daviplata
20/03/2026,Gasto,débito,Abono a Tarjeta,2353732,Pago Tarj. Credito N **1547
20/03/2026,Consignación,,,2353732,
20/03/2026,Ingreso,débito,Nómina,2609610,Mi salario (Abono por pago de Nómina)
19/03/2026,Gasto,débito,No identificado,651940,Compra BANCO DAVIVIENDA SA
19/03/2026,Gasto,débito,No identificado,4800,Compra SANTAMARIA TRADE SAS
17/03/2026,Gasto,débito,Servicios,99990,Teléfono / Internet (Movistar)
17/03/2026,Gasto,débito,Servicios,60140,Gas natural (Vanti)
12/03/2026,Ingreso,débito,No identificado,150000,Transferencia De Otra Entidad
07/03/2026,Ingreso,débito,No identificado,245000,Transferencia De Otra Entidad
03/03/2026,Gasto,débito,No identificado,17000,Transferencia enviada a Daviplata
02/03/2026,Gasto,débito,No identificado,4900000,Descuento Por Transferencia
28/02/2026,Ingreso,débito,Rendimientos,289.49,Rendimientos financieros
18/07/2026,Gasto,crédito,Compras online,138710,MERCADO PAGO*HMCOLOMBI
17/07/2026,Gasto,crédito,No identificado,1010000,BOLD SA*CRUSSO B
15/07/2026,Gasto,crédito,Restaurante,288007,EL GALAPAGO CAMPESTRE
10/07/2026,Gasto,crédito,Supermercado,30373,TIENDAS ARA
08/07/2026,Gasto,crédito,Cuota de manejo,11813,CUOTA DE MANEJO
08/07/2026,Gasto,crédito,Intereses,3207,INTERESES CORRIENTES
08/07/2026,Gasto,crédito,Seguro,3990,CUOTA DE SEGURO
08/07/2026,Gasto,crédito,Supermercado,61782,TIENDAS ARA
05/07/2026,Gasto,crédito,Farmacia,34200,REBAJA PLUS NO. 1 ZIPAQUIRA
05/07/2026,Gasto,crédito,Restaurante/Tienda,109900,FRAMA 373 N 14
05/07/2026,Gasto,crédito,Restaurante,90500,SANDWICHEROS CO S A S
04/07/2026,Gasto,crédito,Supermercado,14420,TIENDAS ARA
04/07/2026,Gasto,crédito,Farmacia,123880,DROGUERIA CRUZ VERDE CENCOSUD
04/07/2026,Gasto,crédito,Supermercado,59081,METRO ZIPAQUIRA
27/06/2026,Gasto,crédito,Restaurante,60300,KFC ZIPAQUIRA
08/06/2026,Gasto,crédito,Seguro,4990,CUOTA DE SEGURO
04/06/2026,Gasto,crédito,Alimentación,4800,DIALIMENTOS
01/06/2026,Gasto,crédito,Gasolinera,100000,EDS BRIO SOL OIL
30/05/2026,Gasto,crédito,Club/Recreación,7600,CLUB CAMPESTRE
28/05/2026,Gasto,crédito,Alimentación,4500,DIALIMENTOS
21/05/2026,Gasto,crédito,Compras online,24500,MERCADO PAGO*CSCOL
20/05/2026,Gasto,crédito,Transacción negada,7500,NEGADA X FONDOS
20/05/2026,Gasto,crédito,Transacción negada,7500,NEGADA X FONDOS
19/05/2026,Gasto,crédito,Supermercado,58435,TIENDAS ARA
16/05/2026,Gasto,crédito,Compras por catálogo,2800,NOVAVENTA
16/05/2026,Gasto,crédito,Supermercado,13682,TIENDAS ARA
16/05/2026,Gasto,crédito,Club/Recreación,7600,CLUB CAMPESTRE
14/05/2026,Gasto,crédito,Compras online,2449900,MERCADO PAGO
11/05/2026,Gasto,crédito,Gasolinera,100000,EDS LA FLORIDA FR
11/05/2026,Gasto,crédito,servicio,101466,MOVISTAR PAGOSEPAYCO
08/05/2026,Gasto,crédito,Intereses,6351,INTERESES CORRIENTES
08/05/2026,Gasto,crédito,Seguro,2990,CUOTA DE SEGURO
07/05/2026,Gasto,crédito,No identificado,4800,SANTAMARIA TRADE SAS
02/05/2026,Gasto,crédito,Restaurante,201960,BW BUFFALO WINGS
01/05/2026,Gasto,crédito,Restaurante,37900,DOMINO S PIZZA
01/05/2026,Gasto,crédito,Supermercado,24170,TIENDAS ARA
29/04/2026,Gasto,crédito,Recreación/Salud,23800,COMPENSAR
29/04/2026,Gasto,crédito,No identificado,4800,SANTAMARIA TRADE SAS
27/04/2026,Gasto,crédito,Compras online,50000,MERCADO PAGO*INTCOLOMB
26/04/2026,Gasto,crédito,Supermercado,22850,METRO ZIPAQUIRA
25/04/2026,Gasto,crédito,Restaurante,74900,COMEDOR ALCAPARROS CAMPESTRE
25/04/2026,Gasto,crédito,Supermercado/Tienda,6200,OXXO HACIENDA LA QUINTA
24/04/2026,Gasto,crédito,Supermercado,12457,TIENDAS ARA
23/04/2026,Gasto,crédito,Alimentación,4800,DIALIMENTOS
20/04/2026,Gasto,crédito,Supermercado,27860,METRO ZIPAQUIRA
20/04/2026,Gasto,crédito,Supermercado,600,METRO ZIPAQUIRA
20/04/2026,Gasto,crédito,Supermercado,25,METRO ZIPAQUIRA
20/04/2026,Gasto,crédito,Supermercado,11445,TIENDAS ARA
18/04/2026,Gasto,crédito,Ropa/Accesorios,25800,TOTTO ZIPAQUIRA MEGACITY
11/04/2026,Gasto,crédito,Farmacia/Mercado,11700,FARMACOUNTRY Y MINMERC ZIPAQUIRA
11/04/2026,Gasto,crédito,Recreación/Salud,6500,COMPENSAR
10/04/2026,Gasto,crédito,Supermercado,28574,TIENDAS ARA
09/04/2026,Gasto,crédito,Alimentación,5400,DIALIMENTOS
08/04/2026,Gasto,crédito,Seguro,3990,CUOTA DE SEGURO
08/04/2026,Gasto,crédito,Recreación/Salud,23800,COMPENSAR
02/04/2026,Gasto,crédito,Compras por catálogo,5000,NOVAVENTA
02/04/2026,Gasto,crédito,Club/Recreación,17800,A Y B CLUB CAMPESTRE
02/04/2026,Gasto,crédito,Recreación/Salud,23800,COMPENSAR
02/04/2026,Gasto,crédito,Club/Recreación,7600,CLUB CAMPESTRE
02/04/2026,Gasto,crédito,Supermercado/Tienda,8600,OXXO HACIENDA LA QUINTA
31/03/2026,Gasto,crédito,Supermercado,3906,METRO ZIPAQUIRA
30/03/2026,Gasto,crédito,Inmobiliaria/Seguros,235004,CIA LIBERTADOR
28/03/2026,Gasto,crédito,Farmacia/Mercado,11800,FARMACOUNTRY Y MINMERC ZIPAQUIRA
28/03/2026,Gasto,crédito,Recreación/Salud,5000,COMPENSAR
28/03/2026,Gasto,crédito,Supermercado,569150,MERCADOS UNO A
26/03/2026,Gasto,crédito,Restaurante,61328,R30 CREPESYWAFFLES ROSALES
26/03/2026,Gasto,crédito,Papelería/Impresión,22880,BOLD*EL PUNTO DEL COLOR
26/03/2026,Gasto,crédito,Supermercado/Tienda,6600,OXXO MODERNO
25/03/2026,Gasto,crédito,No identificado,64000,JIMENEZ RODRIGUEZ NATALI MA
25/03/2026,Gasto,crédito,No identificado,64000,JIMENEZ RODRIGUEZ NATALI MA
21/03/2026,Gasto,crédito,Farmacia,102553,DROGUERIAS Y FARMACIAS CRUZ VERDE
21/03/2026,Gasto,crédito,Recreación/Salud,22100,COMPENSAR
21/03/2026,Gasto,crédito,Farmacia,39550,DROGUERIAS Y FAR CRUZ VERDE
20/03/2026,Gasto,crédito,Gasolinera,100000,EDS EL LICEO
20/03/2026,Gasto,crédito,Supermercado,22850,METRO ZIPAQUIRA
20/03/2026,Gasto,crédito,Farmacia,192360,DROGUERIA CRUZ VERDE CENCOSUD
17/03/2026,Gasto,crédito,Recreación/Salud,35700,COMPENSAR
17/03/2026,Gasto,crédito,servicio,83930,ENEL COLOMBIA SA ESP
15/03/2026,Gasto,crédito,Gasolinera,100000,EDS EL LICEO
08/03/2026,Gasto,crédito,Intereses,122,INTERESES CORRIENTES
08/03/2026,Gasto,crédito,Seguro,3990,CUOTA DE SEGURO